BRIX ,lbs/gal,# SOLIDS/GAL,kg/gal,# solid per Metric Ton,Total Gallons per metric Ton
1,8.354,0.0835,3.789,22,263.9
1.1,8.357,0.0919,3.791,24.2,263.8
1.2,8.361,0.1003,3.793,26.4,263.7
1.3,8.364,0.1087,3.794,28.7,263.6
1.4,8.367,0.1171,3.795,30.9,263.5
1.5,8.371,0.1256,3.797,33.1,263.4
1.6,8.374,0.134,3.798,35.3,263.3
1.7,8.377,0.1424,3.8,37.5,263.2
1.8,8.38,0.1508,3.801,39.7,263.1
1.9,8.384,0.1593,3.803,41.9,263
2,8.387,0.1677,3.804,44.1,262.9
2.1,8.39,0.1762,3.806,46.3,262.8
2.2,8.393,0.1846,3.807,48.5,262.7
2.3,8.397,0.1931,3.809,50.7,262.5
2.4,8.4,0.2016,3.81,52.9,262.5
2.5,8.403,0.2101,3.812,55.1,262.4
2.6,8.406,0.2186,3.813,57.3,262.3
2.7,8.409,0.2271,3.814,59.5,262.2
2.8,8.413,0.2356,3.816,61.7,262
2.9,8.416,0.2441,3.817,63.9,262
3,8.419,0.2526,3.819,66.1,261.9
3.1,8.422,0.2611,3.82,68.3,261.8
3.2,8.426,0.2696,3.822,70.5,261.6
3.3,8.429,0.2782,3.823,72.8,261.5
3.4,8.432,0.2867,3.825,75,261.5
3.5,8.435,0.2952,3.826,77.2,261.4
3.6,8.439,0.3038,3.828,79.4,261.2
3.7,8.442,0.3124,3.829,81.6,261.1
3.8,8.445,0.3209,3.831,83.8,261.1
3.9,8.449,0.3295,3.832,86,260.9
4,8.452,0.3381,3.834,88.2,260.8
4.1,8.455,0.3467,3.835,90.4,260.7
4.2,8.459,0.3553,3.837,92.6,260.6
4.3,8.462,0.3639,3.838,94.8,260.5
4.4,8.465,0.3725,3.84,97,260.4
4.5,8.469,0.381,3.842,99.2,260.3
4.6,8.472,0.39,3.843,101.5,260.2
4.7,8.475,0.398,3.844,103.5,260.1
4.8,8.478,0.407,3.846,105.8,260
4.9,8.482,0.415,3.847,107.9,259.9
5,8.485,0.424,3.849,110.2,259.8
5.1,8.488,0.433,3.85,112.5,259.7
5.2,8.492,0.441,3.852,114.5,259.6
5.3,8.495,0.45,3.853,116.8,259.5
5.4,8.499,0.459,3.855,119.1,259.4
5.5,8.502,0.468,3.856,121.4,259.3
5.6,8.505,0.476,3.858,123.4,259.2
5.7,8.509,0.485,3.86,125.7,259.1
5.8,8.512,0.494,3.861,127.9,259
5.9,8.516,0.502,3.863,130,258.9
6,8.519,0.511,3.864,132.2,258.8
6.1,8.522,0.5198,3.866,134.5,258.7
6.2,8.526,0.529,3.867,136.8,258.6
6.3,8.529,0.5373,3.869,138.9,258.5
6.4,8.532,0.546,3.87,141.1,258.4
6.5,8.536,0.5548,3.872,143.3,258.3
6.6,8.539,0.564,3.873,145.6,258.2
6.7,8.542,0.5723,3.875,147.7,258.1
6.8,8.545,0.581,3.876,149.9,258
6.9,8.549,0.5899,3.878,152.1,257.9
7,8.552,0.599,3.879,154.4,257.8
7.1,8.555,0.5986,3.881,154.3,257.7
7.2,8.559,0.616,3.882,158.7,257.6
7.3,8.562,0.625,3.884,160.9,257.5
7.4,8.566,0.634,3.886,163.2,257.4
7.5,8.569,0.6427,3.887,165.4,257.3
7.6,8.573,0.651,3.889,167.4,257.2
7.7,8.575,0.6603,3.89,169.8,257.1
7.8,8.579,0.669,3.891,171.9,257
7.9,8.583,0.6781,3.893,174.2,256.9
8,8.586,0.687,3.895,176.4,256.8
8.1,8.589,0.6957,3.896,178.6,256.7
8.2,8.593,0.705,3.898,180.9,256.6
8.3,8.596,0.7135,3.899,183,256.5
8.4,8.6,0.722,3.901,185.1,256.3
8.5,8.603,0.7313,3.902,187.4,256.3
8.6,8.606,0.74,3.904,189.6,256.2
8.7,8.61,0.7491,3.905,191.8,256.1
8.8,8.613,0.758,3.907,194,256
8.9,8.617,0.7669,3.909,196.2,255.8
9,8.62,0.7758,3.91,198.4,255.8
9.1,8.623,0.7847,3.911,200.6,255.7
9.2,8.627,0.7937,3.913,202.8,255.5
9.3,8.63,0.8026,3.915,205,255.5
9.4,8.634,0.8116,3.916,207.2,255.3
9.5,8.637,0.8205,3.918,209.4,255.3
9.6,8.641,0.8295,3.92,211.6,255.1
9.7,8.645,0.8386,3.921,213.9,255
9.8,8.648,0.8475,3.923,216,254.9
9.9,8.652,0.8565,3.925,218.2,254.8
10,8.655,0.8655,3.926,220.5,254.7
10.1,8.658,0.8745,3.927,222.7,254.6
10.2,8.662,0.8835,3.929,224.9,254.5
10.3,8.665,0.8925,3.93,227.1,254.4
10.4,8.669,0.9019,3.932,229.4,254.3
10.5,8.672,0.9106,3.934,231.5,254.2
10.6,8.675,0.9196,3.935,233.7,254.1
10.7,8.679,0.9287,3.937,235.9,254
10.8,8.682,0.938,3.938,238.2,253.9
10.9,8.686,0.9468,3.94,240.3,253.8
11,8.689,0.956,3.941,242.6,253.7
11.1,8.692,0.9648,3.943,244.7,253.6
11.2,8.696,0.974,3.944,246.9,253.5
11.3,8.7,0.9831,3.946,249.1,253.4
11.4,8.703,0.992,3.948,251.3,253.3
11.5,8.707,1.0013,3.949,253.5,253.2
11.6,8.71,1.01,3.951,255.6,253.1
11.7,8.714,1.0195,3.953,257.9,253
11.8,8.717,1.029,3.954,260.2,252.9
11.9,8.721,1.0378,3.956,262.3,252.8
12,8.724,1.047,3.957,264.6,252.7
12.1,8.728,1.0561,3.959,266.8,252.6
12.2,8.731,1.065,3.96,268.9,252.5
12.3,8.735,1.0744,3.962,271.2,252.4
12.4,8.738,1.084,3.964,273.5,252.3
12.5,8.742,1.0928,3.965,275.6,252.2
12.6,8.745,1.102,3.967,277.8,252.1
12.7,8.749,1.1111,3.969,280,252
12.8,8.752,1.12,3.97,282.1,251.9
12.9,8.756,1.1295,3.972,284.4,251.8
13,8.759,1.1387,3.973,286.6,251.7
13.1,8.763,1.148,3.975,288.8,251.6
13.2,8.766,1.1571,3.976,291,251.5
13.3,8.77,1.1664,3.978,293.2,251.4
13.4,8.773,1.1756,3.979,295.4,251.3
13.5,8.777,1.185,3.981,297.6,251.2
13.6,8.781,1.1942,3.983,299.8,251.1
13.7,8.785,1.2035,3.985,302,251
13.8,8.788,1.2127,3.986,304.2,250.9
13.9,8.792,1.2221,3.988,306.4,250.8
14,8.795,1.231,3.989,308.6,250.7
14.1,8.799,1.2407,3.991,310.9,250.6
14.2,8.802,1.2499,3.993,313.1,250.5
14.3,8.805,1.2591,3.994,315.3,250.4
14.4,8.809,1.2685,3.996,317.5,250.3
14.5,8.813,1.278,3.998,319.7,250.2
14.6,8.816,1.2871,3.999,321.9,250.1
14.7,8.82,1.2965,4.001,324.1,250
14.8,8.823,1.3058,4.002,326.3,249.9
14.9,8.827,1.3152,4.004,328.5,249.8
15,8.83,1.325,4.005,330.8,249.7
15.1,8.833,1.3338,4.007,332.9,249.6
15.2,8.837,1.3432,4.008,335.1,249.5
15.3,8.841,1.3527,4.01,337.3,249.4
15.4,8.844,1.362,4.012,339.5,249.3
15.5,8.848,1.371,4.013,341.6,249.2
15.6,8.852,1.3809,4.015,343.9,249.1
15.7,8.856,1.3904,4.017,346.1,248.9
15.8,8.859,1.3997,4.018,348.3,248.9
15.9,8.863,1.4092,4.02,350.5,248.7
16,8.866,1.419,4.022,352.8,248.7
16.1,8.87,1.428,4.023,354.9,248.5
16.2,8.873,1.4374,4.025,357.1,248.5
16.3,8.876,1.4468,4.026,359.4,248.4
16.4,8.88,1.4563,4.028,361.5,248.3
16.5,8.884,1.466,4.03,363.8,248.2
16.6,8.888,1.4754,4.032,366,248
16.7,8.892,1.485,4.033,368.2,247.9
16.8,8.895,1.4944,4.035,370.4,247.8
16.9,8.899,1.5039,4.037,372.6,247.7
17,8.902,1.513,4.038,374.7,247.7
17.1,8.905,1.5228,4.039,377,247.6
17.2,8.909,1.5323,4.041,379.2,247.5
17.3,8.913,1.5419,4.043,381.4,247.3
17.4,8.917,1.5516,4.045,383.6,247.2
17.5,8.921,1.561,4.047,385.8,247.1
17.6,8.924,1.5706,4.048,388,247
17.7,8.928,1.5803,4.05,390.2,246.9
17.8,8.932,1.5899,4.052,392.4,246.8
17.9,8.936,1.5995,4.053,394.6,246.7
18,8.938,1.609,4.054,396.9,246.7
18.1,8.942,1.6185,4.056,399,246.5
18.2,8.946,1.6282,4.058,401.2,246.4
18.3,8.95,1.6379,4.06,403.5,246.3
18.4,8.953,1.6474,4.061,405.7,246.2
18.5,8.957,1.657,4.063,407.8,246.1
18.6,8.961,1.6667,4.065,410,246
18.7,8.965,1.6765,4.066,412.3,245.9
18.8,8.968,1.686,4.068,414.5,245.8
18.9,8.972,1.6957,4.07,416.7,245.7
19,8.975,1.705,4.071,418.8,245.6
19.1,8.979,1.7053,4.073,418.7,245.5
19.2,8.982,1.7245,4.074,423.3,245.4
19.3,8.986,1.7343,4.076,425.5,245.3
19.4,8.99,1.7441,4.078,427.7,245.2
19.5,8.994,1.754,4.08,429.9,245.1
19.6,8.997,1.7634,4.081,432.1,245
19.7,9.001,1.7732,4.083,434.3,244.9
19.8,9.005,1.783,4.085,436.5,244.8
19.9,9.009,1.7928,4.086,438.7,244.7
20,9.012,1.802,4.088,440.8,244.6
20.1,9.016,1.8122,4.09,443.1,244.5
20.2,9.019,1.8218,4.091,445.3,244.4
20.3,9.023,1.8317,4.093,447.5,244.3
20.4,9.027,1.8415,4.095,449.7,244.2
20.5,9.031,1.851,4.096,451.9,244.1
20.6,9.034,1.861,4.098,454.1,244
20.7,9.038,1.8709,4.1,456.4,243.9
20.8,9.042,1.8807,4.101,458.5,243.8
20.9,9.046,1.8906,4.103,460.8,243.7
21,9.049,1.9,4.105,462.9,243.6
21.1,9.053,1.9102,4.106,465.2,243.5
21.2,9.057,1.9201,4.108,467.4,243.4
21.3,9.061,1.93,4.11,469.6,243.3
21.4,9.064,1.9397,4.111,471.8,243.2
21.5,9.068,1.95,4.113,474.1,243.1
21.6,9.072,1.9596,4.115,476.2,243
21.7,9.076,1.9695,4.117,478.4,242.9
21.8,9.079,1.9792,4.118,480.6,242.8
21.9,9.083,1.9892,4.12,482.8,242.7
22,9.087,1.999,4.122,485,242.6
22.1,9.091,2.0091,4.124,487.2,242.5
22.2,9.095,2.0191,4.125,489.4,242.4
22.3,9.099,2.0291,4.127,491.6,242.3
22.4,9.102,2.0388,4.129,493.8,242.2
22.5,9.106,2.0489,4.13,496,242.1
22.6,9.11,2.0589,4.132,498.2,242
22.7,9.114,2.0689,4.134,500.4,241.9
22.8,9.117,2.0787,4.135,502.7,241.8
22.9,9.121,2.0887,4.137,504.9,241.7
23,9.125,2.0988,4.139,507.1,241.6
23.1,9.129,2.1088,4.141,509.3,241.5
23.2,9.133,2.1189,4.143,511.5,241.4
23.3,9.136,2.1287,4.144,513.7,241.3
23.4,9.14,2.1388,4.146,515.9,241.2
23.5,9.144,2.1488,4.148,518.1,241.1
23.6,9.148,2.1589,4.15,520.3,241
23.7,9.152,2.169,4.151,522.5,240.9
23.8,9.155,2.1789,4.153,524.7,240.8
23.9,9.159,2.189,4.154,526.9,240.7
24,9.163,2.1991,4.156,529.1,240.6
24.1,9.167,2.2092,4.158,531.3,240.5
24.2,9.171,2.2194,4.16,533.5,240.4
24.3,9.175,2.2295,4.162,535.7,240.3
24.4,9.178,2.2394,4.163,537.9,240.2
24.5,9.182,2.2496,4.165,540.1,240.1
24.6,9.186,2.2598,4.167,542.3,240
24.7,9.19,2.2699,4.169,544.5,239.9
24.8,9.193,2.2799,4.17,546.7,239.8
24.9,9.197,2.2901,4.172,549,239.7
25,9.201,2.3,4.174,551.1,239.6
25.1,9.205,2.3105,4.175,553.4,239.5
25.2,9.209,2.3206,4.177,555.5,239.4
25.3,9.212,2.3308,4.179,557.8,239.3
25.4,9.216,2.341,4.18,560,239.2
25.5,9.22,2.3512,4.182,562.2,239.1
25.6,9.224,2.3614,4.184,564.4,239
25.7,9.228,2.3716,4.186,566.6,238.9
25.8,9.231,2.3818,4.187,568.8,238.8
25.9,9.235,2.392,4.189,571,238.7
26,9.239,2.402,4.191,573.2,238.6
26.1,9.243,2.4124,4.193,575.4,238.5
26.2,9.247,2.4227,4.194,577.6,238.4
26.3,9.251,2.433,4.196,579.8,238.3
26.4,9.255,2.4433,4.198,582,238.2
26.5,9.259,2.4536,4.2,584.2,238.1
26.6,9.262,2.4639,4.201,586.5,238
26.7,9.266,2.4742,4.203,588.7,237.9
26.8,9.27,2.4845,4.205,590.9,237.8
26.9,9.274,2.4948,4.207,593.1,237.7
27,9.278,2.505,4.208,595.2,237.6
27.1,9.282,2.5155,4.21,597.5,237.5
27.2,9.286,2.5258,4.212,599.7,237.4
27.3,9.29,2.5362,4.214,601.9,237.3
27.4,9.294,2.5465,4.216,604,237.2
27.5,9.298,2.5569,4.218,606.3,237.1
27.6,9.301,2.5673,4.219,608.5,237
27.7,9.305,2.5777,4.221,610.7,236.9
27.8,9.309,2.588,4.223,612.9,236.8
27.9,9.313,2.5984,4.224,615.1,236.7
28,9.317,2.609,4.226,617.3,236.6
28.1,9.321,2.6193,4.228,619.5,236.5
28.2,9.325,2.6297,4.23,621.7,236.4
28.3,9.329,2.6402,4.232,623.9,236.3
28.4,9.333,2.6507,4.233,626.1,236.2
28.5,9.337,2.6612,4.235,628.3,236.1
28.6,9.341,2.6716,4.237,630.5,236
28.7,9.345,2.6821,4.239,632.7,235.9
28.8,9.349,2.6926,4.241,634.9,235.8
28.9,9.353,2.703,4.242,637.1,235.7
29,9.357,2.714,4.244,639.4,235.6
29.1,9.361,2.724,4.246,641.5,235.5
29.2,9.365,2.7346,4.248,643.7,235.4
29.3,9.369,2.7451,4.25,645.9,235.3
29.4,9.373,2.7556,4.252,648.1,235.2
29.5,9.377,2.7662,4.253,650.4,235.1
29.6,9.38,2.7767,4.255,652.6,235
29.7,9.384,2.7873,4.257,654.8,234.9
29.8,9.388,2.7978,4.258,657,234.8
29.9,9.392,2.8083,4.26,659.2,234.7
30,9.396,2.819,4.262,661.4,234.6
30.1,9.4,2.8295,4.264,663.6,234.5
30.2,9.404,2.8401,4.266,665.8,234.4
30.3,9.408,2.8507,4.267,668,234.3
30.4,9.412,2.8613,4.269,670.2,234.2
30.5,9.416,2.872,4.271,672.4,234.1
30.6,9.42,2.8826,4.273,674.6,234
30.7,9.424,2.8933,4.275,676.8,233.9
30.8,9.428,2.9039,4.277,679,233.8
30.9,9.432,2.9146,4.278,681.2,233.7
31,9.436,2.925,4.28,683.4,233.6
31.1,9.44,2.936,4.282,685.7,233.5
31.2,9.444,2.9467,4.284,687.9,233.4
31.3,9.448,2.9575,4.286,690.1,233.3
31.4,9.452,2.9682,4.287,692.3,233.2
31.5,9.457,2.979,4.29,694.5,233.1
31.6,9.461,2.9897,4.291,696.7,233
31.7,9.465,3.0004,4.293,698.9,232.9
31.8,9.469,3.0111,4.295,701.1,232.8
31.9,9.473,3.0219,4.297,703.3,232.7
32,9.477,3.033,4.299,705.6,232.6
32.1,9.481,3.0434,4.301,707.7,232.5
32.2,9.485,3.0542,4.302,709.9,232.4
32.3,3.489,3.065,1.583,1936.7,631.9
32.4,9.493,3.0758,4.306,714.3,232.2
32.5,9.497,3.0866,4.308,716.5,232.1
32.6,9.501,3.0974,4.31,718.7,232
32.7,9.505,3.1082,4.311,720.9,231.9
32.8,9.509,3.119,4.313,723.1,231.8
32.9,9.513,3.1298,4.315,725.3,231.7
33,9.517,3.141,4.317,727.6,231.6
33.1,9.521,3.1515,4.319,729.7,231.6
33.2,9.525,3.1624,4.321,732,231.5
33.3,9.529,3.1734,4.322,734.2,231.4
33.4,9.533,3.1843,4.324,736.4,231.3
33.5,9.538,3.1952,4.326,738.5,231.1
33.6,9.542,3.2061,4.328,740.7,231
33.7,9.546,3.217,4.33,742.9,230.9
33.8,9.55,3.2279,4.332,745.2,230.8
33.9,9.554,3.2388,4.334,747.4,230.8
34,9.558,3.25,4.335,749.6,230.7
34.1,9.562,3.2607,4.337,751.8,230.6
34.2,9.566,3.2717,4.339,754,230.5
34.3,9.57,3.2827,4.341,756.2,230.4
34.4,9.574,3.2937,4.343,758.4,230.3
34.5,9.579,3.3047,4.345,760.6,230.1
34.6,9.583,3.3157,4.347,762.8,230.1
34.7,9.587,3.3267,4.349,765,230
34.8,9.591,3.3377,4.35,767.2,229.9
34.9,9.595,3.3487,4.352,769.4,229.8
35,9.599,3.36,4.354,771.7,229.7
35.1,9.603,3.3708,4.356,773.8,229.6
35.2,9.607,3.3818,4.358,776.1,229.5
35.3,9.611,3.3929,4.36,778.3,229.4
35.4,9.615,3.404,4.361,780.5,229.3
35.5,9.62,3.4151,4.364,782.6,229.2
35.6,9.624,3.4261,4.365,784.8,229.1
35.7,9.628,3.4372,4.367,787,229
35.8,9.632,3.4483,4.369,789.3,228.9
35.9,9.636,3.4594,4.371,791.5,228.8
36,9.64,3.47,4.373,793.6,228.7
36.1,9.644,3.4816,4.374,795.9,228.6
36.2,9.648,3.4928,4.376,798.1,228.5
36.3,9.652,3.504,4.378,800.3,228.4
36.4,9.656,3.5152,4.38,802.6,228.3
36.5,9.661,3.5263,4.382,804.7,228.2
36.6,9.665,3.5376,4.384,806.9,228.1
36.7,9.67,3.5488,4.386,809.1,228
36.8,9.674,3.56,4.388,811.3,227.9
36.9,9.678,3.5711,4.39,813.5,227.8
37,9.682,3.582,4.392,815.6,227.7
37.1,9.686,3.5936,4.394,817.9,227.6
37.2,9.69,3.6049,4.395,820.2,227.5
37.3,9.695,3.6162,4.398,822.3,227.4
37.4,9.699,3.6275,4.399,824.5,227.3
37.5,9.703,3.6388,4.401,826.8,227.2
37.6,9.707,3.65,4.403,829,227.1
37.7,9.712,3.6613,4.405,831.1,227
37.8,9.716,3.6726,4.407,833.3,226.9
37.9,9.72,3.6838,4.409,835.5,226.8
38,9.724,3.695,4.411,837.7,226.7
38.1,9.728,3.7064,4.413,840,226.6
38.2,9.732,3.7178,4.414,842.2,226.5
38.3,9.737,3.7292,4.417,844.3,226.4
38.4,9.741,3.7406,4.418,846.6,226.3
38.5,9.745,3.752,4.42,848.8,226.2
38.6,9.749,3.7633,4.422,851,226.1
38.7,9.754,3.7746,4.424,853.1,226
38.8,9.758,3.786,4.426,855.4,225.9
38.9,9.762,3.7974,4.428,857.6,225.8
39,9.766,3.809,4.43,859.9,225.7
39.1,9.771,3.8202,4.432,861.9,225.6
39.2,9.775,3.8317,4.434,864.2,225.5
39.3,9.779,3.8432,4.436,866.4,225.4
39.4,9.783,3.8547,4.438,868.7,225.4
39.5,9.788,3.8662,4.44,870.8,225.2
39.6,9.792,3.8777,4.442,873,225.1
39.7,9.796,3.8891,4.443,875.2,225.1
39.8,9.8,3.9006,4.445,877.5,225
39.9,9.805,3.9121,4.448,879.6,224.8
40,9.809,3.924,4.449,881.9,224.8
40.1,9.814,3.9351,4.452,884,224.6
40.2,9.818,3.9467,4.453,886.2,224.5
40.3,9.822,3.9583,4.455,888.5,224.5
40.4,9.826,3.9699,4.457,890.7,224.4
40.5,9.831,3.9815,4.459,892.9,224.2
40.6,9.835,3.993,4.461,895.1,224.2
40.7,9.839,4.0046,4.463,897.3,224.1
40.8,9.843,4.0162,4.465,899.5,224
40.9,9.848,4.0277,4.467,901.7,223.9
41,9.852,4.039,4.469,903.8,223.8
41.1,9.856,4.0509,4.471,906.1,223.7
41.2,9.861,4.0626,4.473,908.3,223.6
41.3,9.865,4.0743,4.475,910.5,223.5
41.4,9.869,4.086,4.477,912.8,223.4
41.5,9.874,4.0977,4.479,914.9,223.3
41.6,9.878,4.1093,4.481,917.1,223.2
41.7,9.882,4.1209,4.482,919.3,223.1
41.8,9.886,4.1326,4.484,921.6,223
41.9,9.891,4.1442,4.487,923.7,222.9
42,9.895,4.156,4.488,926,222.8
42.1,9.899,4.1677,4.49,928.2,222.7
42.2,9.904,4.1795,4.492,930.3,222.6
42.3,9.909,4.1913,4.495,932.5,222.5
42.4,9.913,4.2031,4.497,934.7,222.4
42.5,9.917,4.2149,4.498,937,222.3
42.6,9.921,4.2266,4.5,939.2,222.2
42.7,9.926,4.2384,4.502,941.4,222.1
42.8,9.93,4.2502,4.504,943.6,222
42.9,9.935,4.262,4.506,945.7,221.9
43,9.939,4.274,4.508,948,221.8
43.1,9.943,4.2856,4.51,950.2,221.7
43.2,9.948,4.2975,4.512,952.4,221.6
43.3,9.952,4.3094,4.514,954.6,221.5
43.4,9.957,4.3213,4.516,956.8,221.4
43.5,9.961,4.3332,4.518,959,221.3
43.6,9.965,4.345,4.52,961.3,221.2
43.7,9.97,4.3569,4.522,963.4,221.1
43.8,9.974,4.3688,4.524,965.7,221
43.9,9.979,4.3806,4.526,967.8,220.9
44,9.983,4.393,4.528,970.1,220.8
44.1,9.987,4.4045,4.53,972.3,220.7
44.2,9.992,4.4165,4.532,974.4,220.6
44.3,9.996,4.4284,4.534,976.7,220.5
44.4,10.001,4.4404,4.536,978.8,220.4
44.5,10.005,4.4524,4.538,981.1,220.3
44.6,10.009,4.4643,4.54,983.3,220.3
44.7,10.014,4.4762,4.542,985.4,220.2
44.8,10.018,4.4882,4.544,987.7,220.1
44.9,10.023,4.5002,4.546,989.8,220
45,10.027,4.512,4.548,992,219.9
45.1,10.031,4.5242,4.55,994.3,219.8
45.2,10.036,4.5363,4.552,996.5,219.7
45.3,10.04,4.5483,4.554,998.7,219.6
45.4,10.045,4.5604,4.556,1000.9,219.5
45.5,10.049,4.5725,4.558,1003.1,219.4
45.6,10.153,4.5845,4.605,995.5,217.1
45.7,10.058,4.5965,4.562,1007.5,219.2
45.8,10.062,4.6086,4.564,1009.8,219.1
45.9,10.067,4.6207,4.566,1011.9,219
46,10.071,4.633,4.568,1014.2,218.9
46.1,10.075,4.6448,4.57,1016.4,218.8
46.2,10.08,4.657,4.572,1018.5,218.7
46.3,10.084,4.6692,4.574,1020.8,218.6
46.4,10.089,4.6814,4.576,1023,218.5
46.5,10.094,4.6936,4.579,1025.1,218.4
46.6,10.098,4.7058,4.58,1027.4,218.3
46.7,10.103,4.718,4.583,1029.5,218.2
46.8,10.107,4.7302,4.585,1031.8,218.1
46.9,10.112,4.7423,4.587,1033.9,218
47,10.116,4.755,4.589,1036.3,217.9
47.1,10.12,4.7668,4.59,1038.4,217.8
47.2,10.125,4.7791,4.593,1040.6,217.7
47.3,10.129,4.7913,4.594,1042.8,217.7
47.4,10.134,4.8036,4.597,1045,217.5
47.5,10.139,4.8159,4.599,1047.2,217.4
47.6,10.143,4.8282,4.601,1049.4,217.4
47.7,10.148,4.8404,4.603,1051.6,217.2
47.8,10.152,4.8527,4.605,1053.8,217.2
47.9,10.157,4.865,4.607,1056,217.1
48,10.161,4.877,4.609,1058.1,217
48.1,10.165,4.8897,4.611,1060.5,216.9
48.2,10.17,4.9021,4.613,1062.7,216.8
48.3,10.174,4.9145,4.615,1064.9,216.7
48.4,10.179,4.9269,4.617,1067.1,216.6
48.5,10.184,4.9394,4.619,1069.3,216.5
48.6,10.189,4.9518,4.622,1071.4,216.4
48.7,10.194,4.9642,4.624,1073.6,216.3
48.8,10.198,4.9766,4.626,1075.8,216.2
48.9,10.203,4.989,4.628,1078,216.1
49,10.207,5.001,4.63,1080.2,216
49.1,10.211,5.0138,4.632,1082.5,215.9
49.2,10.216,5.0263,4.634,1084.7,215.8
49.3,10.22,5.0388,4.636,1086.9,215.7
49.4,10.225,5.0513,4.638,1089.1,215.6
49.5,10.23,5.0638,4.64,1091.3,215.5
49.6,10.234,5.0762,4.642,1093.5,215.4
49.7,10.239,5.0886,4.644,1095.6,215.3
49.8,10.243,5.1011,4.646,1097.9,215.2
49.9,10.248,5.1135,4.648,1100,215.1
50,10.252,5.126,4.65,1102.3,215
50.1,10.256,5.1386,4.652,1104.6,215
50.2,10.261,5.1513,4.654,1106.8,214.9
50.3,10.266,5.164,4.657,1109,214.7
50.4,10.271,5.1766,4.659,1111.1,214.6
50.5,10.276,5.1893,4.661,1113.3,214.5
50.6,10.28,5.2018,4.663,1115.6,214.5
50.7,10.285,5.2145,4.665,1117.7,214.4
50.8,10.29,5.2272,4.668,1119.9,214.2
50.9,10.295,5.2398,4.67,1122.1,214.1
51,10.299,5.252,4.672,1124.2,214.1
51.1,10.303,5.2651,4.673,1126.6,214
51.2,10.308,5.2777,4.676,1128.8,213.9
51.3,10.312,5.2903,4.677,1131,213.8
51.4,10.317,5.303,4.68,1133.2,213.7
51.5,10.322,5.3158,4.682,1135.4,213.6
51.6,10.327,5.3287,4.684,1137.6,213.5
51.7,10.332,5.3416,4.687,1139.8,213.4
51.8,10.336,5.354,4.688,1142,213.3
51.9,10.341,5.367,4.691,1144.2,213.2
52,10.345,5.379,4.692,1146.3,213.1
52.1,10.349,5.3922,4.694,1148.7,213
52.2,10.354,5.4051,4.697,1150.9,212.9
52.3,10.359,5.4179,4.699,1153,212.8
52.4,10.364,5.4307,4.701,1155.2,212.7
52.5,10.368,5.4436,4.703,1157.5,212.6
52.6,10.373,5.4564,4.705,1159.7,212.5
52.7,10.378,5.4692,4.707,1161.8,212.4
52.8,10.383,5.4822,4.71,1164,212.3
52.9,10.388,5.4949,4.712,1166.2,212.2
53,10.392,5.508,4.714,1168.5,212.1
53.1,10.396,5.5203,4.716,1170.6,212.1
53.2,10.401,5.5333,4.718,1172.8,212
53.3,10.406,5.5464,4.72,1175.1,211.9
53.4,10.411,5.5595,4.722,1177.3,211.8
53.5,10.416,5.5724,4.725,1179.4,211.7
53.6,10.42,5.5853,4.726,1181.7,211.6
53.7,10.425,5.5982,4.729,1183.9,211.5
53.8,10.43,5.6113,4.731,1186.1,211.4
53.9,10.435,5.6242,4.733,1188.2,211.3
54,10.439,5.637,4.735,1190.5,211.2
54.1,10.443,5.6501,4.737,1192.8,211.1
54.2,10.448,5.6631,4.739,1195,211
54.3,10.453,5.676,4.741,1197.1,210.9
54.4,10.458,5.692,4.744,1199.9,210.8
54.5,10.463,5.7022,4.746,1201.5,210.7
54.6,10.467,5.7152,4.748,1203.8,210.6
54.7,10.472,5.7282,4.75,1205.9,210.5
54.8,10.477,5.7414,4.752,1208.1,210.4
54.9,10.482,5.7546,4.755,1210.3,210.3
55,10.486,5.767,4.756,1212.5,210.2
55.1,10.491,5.7805,4.759,1214.7,210.1
55.2,10.496,5.7937,4.761,1216.9,210
55.3,10.5,5.8068,4.763,1219.2,210
55.4,10.505,5.82,4.765,1221.4,209.9
55.5,10.51,5.8332,4.767,1223.6,209.8
55.6,10.515,5.8463,4.77,1225.7,209.7
55.7,10.52,5.8595,4.772,1227.9,209.6
55.8,10.524,5.8727,4.774,1230.2,209.5
55.9,10.529,5.8858,4.776,1232.4,209.4
56,10.534,5.899,4.778,1234.6,209.3
56.1,10.538,5.9122,4.78,1236.9,209.2
56.2,10.543,5.9255,4.782,1239.1,209.1
56.3,10.548,5.9387,4.785,1241.2,209
56.4,10.553,5.9519,4.787,1243.4,208.9
56.5,10.558,5.9651,4.789,1245.6,208.8
56.6,10.562,5.9783,4.791,1247.8,208.7
56.7,10.567,5.9915,4.793,1250,208.6
56.8,10.572,6.0047,4.795,1252.2,208.5
56.9,10.577,6.0179,4.798,1254.3,208.4
57,10.581,6.031,4.8,1256.6,208.4
57.1,10.586,6.0446,4.802,1258.8,208.3
57.2,10.591,6.058,4.804,1261,208.2
57.3,10.596,6.0714,4.806,1263.2,208.1
57.4,10.601,6.0849,4.809,1265.4,208
57.5,10.606,6.0983,4.811,1267.6,207.9
57.6,10.61,6.1117,4.813,1269.9,207.8
57.7,10.615,6.1251,4.815,1272.1,207.7
57.8,10.62,6.1386,4.817,1274.3,207.6
57.9,10.625,6.152,4.819,1276.5,207.5
58,10.63,6.165,4.822,1278.6,207.4
58.1,10.635,6.1788,4.824,1280.8,207.3
58.2,10.64,6.1923,4.826,1283,207.2
58.3,10.644,6.2058,4.828,1285.4,207.1
58.4,10.649,6.2193,4.83,1287.5,207
58.5,10.654,6.2328,4.833,1289.7,206.9
58.6,10.659,6.2462,4.835,1291.9,206.8
58.7,10.664,6.2596,4.837,1294.1,206.7
58.8,10.668,6.2731,4.839,1296.4,206.7
58.9,10.673,6.2865,4.841,1298.5,206.6
59,10.678,6.3,4.844,1300.7,206.5
59.1,10.683,6.3136,4.846,1302.9,206.4
59.2,10.688,6.3273,4.848,1305.1,206.3
59.3,10.693,6.3409,4.85,1307.3,206.2
59.4,10.698,6.3545,4.853,1309.5,206.1
59.5,10.703,6.3681,4.855,1311.7,206
59.6,10.707,6.3817,4.857,1314,205.9
59.7,10.712,6.3953,4.859,1316.2,205.8
59.8,10.717,6.409,4.861,1318.4,205.7
59.9,10.722,6.4226,4.863,1320.6,205.6
60,10.727,6.436,4.866,1322.7,205.5
60.1,10.732,6.45,4.868,1325,205.4
60.2,10.737,6.4638,4.87,1327.2,205.3
60.3,10.742,6.4775,4.873,1329.4,205.2
60.4,10.747,6.4913,4.875,1331.6,205.1
60.5,10.752,6.5051,4.877,1333.8,205
60.6,10.757,6.5189,4.879,1336,204.9
60.7,10.762,6.5326,4.882,1338.2,204.9
60.8,10.767,6.5464,4.884,1340.4,204.8
60.9,10.772,6.5602,4.886,1342.6,204.7
61,10.777,6.574,4.888,1344.8,204.6
61.1,10.782,6.5878,4.891,1347,204.5
61.2,10.787,6.6016,4.893,1349.2,204.4
61.3,10.792,6.6154,4.895,1351.4,204.3
61.4,10.797,6.6292,4.897,1353.6,204.2
61.5,10.802,6.6431,4.9,1355.8,204.1
61.6,10.806,6.6569,4.902,1358.1,204
61.7,10.811,6.6707,4.904,1360.3,203.9
61.8,10.816,6.6845,4.906,1362.5,203.8
61.9,10.821,6.6983,4.908,1364.7,203.7
62,10.826,6.712,4.911,1366.8,203.6
62.1,10.831,6.7261,4.913,1369.1,203.5
62.2,10.836,6.7401,4.915,1371.3,203.5
62.3,10.841,6.754,4.917,1373.5,203.4
62.4,10.846,6.768,4.92,1375.7,203.3
62.5,10.851,6.782,4.922,1377.9,203.2
62.6,10.856,6.796,4.924,1380.1,203.1
62.7,10.861,6.8099,4.927,1382.3,203
62.8,10.866,6.8239,4.929,1384.5,202.9
62.9,10.871,6.8379,4.931,1386.7,202.8
63,10.876,6.852,4.933,1388.9,202.7
63.1,10.881,6.8659,4.936,1391.1,202.6
63.2,10.886,6.88,4.938,1393.3,202.5
63.3,10.891,6.8941,4.94,1395.5,202.4
63.4,10.896,6.9082,4.942,1397.7,202.3
63.5,10.901,6.9223,4.945,1400,202.2
63.6,10.906,6.9363,4.947,1402.1,202.1
63.7,10.911,6.9504,4.949,1404.3,202.1
63.8,10.916,6.9645,4.951,1406.6,202
63.9,10.921,6.9785,4.954,1408.7,201.9
64,10.926,6.993,4.956,1411,201.8
64.1,10.931,7.0068,4.958,1413.2,201.7
64.2,10.936,7.0211,4.961,1415.4,201.6
64.3,10.941,7.0353,4.963,1417.6,201.5
64.4,10.946,7.0496,4.965,1419.8,201.4
64.5,10.952,7.0639,4.968,1421.9,201.3
64.6,10.957,7.0781,4.97,1424.1,201.2
64.7,10.962,7.0923,4.972,1426.4,201.1
64.8,10.967,7.1066,4.975,1428.6,201
64.9,10.972,7.1208,4.977,1430.8,200.9
65,10.977,7.135,4.979,1433,200.8
65.1,10.982,7.1494,4.981,1435.2,200.7
65.2,10.987,7.1636,4.984,1437.4,200.7
65.3,10.992,7.1779,4.986,1439.6,200.6
65.4,10.997,7.1922,4.988,1441.8,200.5
65.5,11.002,7.0265,4.99,1408,200.4
65.6,11.007,7.2207,4.993,1446.2,200.3
65.7,11.012,7.235,4.995,1448.4,200.2
65.8,11.017,7.2493,4.997,1450.6,200.1
65.9,11.022,7.2635,5,1452.8,200
66,11.027,7.2778,5.002,1455,199.9
66.1,11.032,7.2923,5.004,1457.3,199.8
66.2,11.037,7.3068,5.006,1459.5,199.7
66.3,11.042,7.3213,5.009,1461.7,199.7
66.4,11.048,7.3359,5.011,1463.9,199.5
66.5,11.053,7.3504,5.014,1466.1,199.5
66.6,11.058,7.3649,5.016,1468.3,199.4
66.7,11.064,7.3794,5.019,1470.4,199.3
66.8,11.069,7.3939,5.021,1472.6,199.2
66.9,11.074,7.4084,5.023,1474.9,199.1
67,11.079,7.4229,5.025,1477.1,199
67.1,11.084,7.4374,5.028,1479.3,198.9
67.2,11.089,7.452,5.03,1481.5,198.8
67.3,11.094,7.4665,5.032,1483.7,198.7
67.4,11.099,7.4811,5.034,1486,198.6
67.5,11.105,7.4959,5.037,1488.1,198.5
67.6,11.11,7.5102,5.039,1490.3,198.4
67.7,11.115,7.5247,5.042,1492.5,198.3
67.8,11.12,7.5393,5.044,1494.7,198.3
67.9,11.125,7.5538,5.046,1496.9,198.2
68,11.13,7.5684,5.049,1499.1,198.1
68.1,11.135,7.5831,5.051,1501.4,198
68.2,11.14,7.5978,5.053,1503.6,197.9
68.3,11.145,7.6125,5.055,1505.8,197.8
68.4,11.151,7.6273,5.058,1507.9,197.7
68.5,11.156,7.642,5.06,1510.2,197.6
68.6,11.161,7.6567,5.063,1512.4,197.5
68.7,11.167,7.6714,5.065,1514.5,197.4
68.8,11.172,7.6861,5.068,1516.7,197.3
68.9,11.177,7.7008,5.07,1518.9,197.2
69,11.182,7.7156,5.072,1521.2,197.2
69.1,11.187,7.7304,5.074,1523.4,197.1
69.2,11.192,7.7452,5.077,1525.6,197
69.3,11.197,7.76,5.079,1527.9,196.9
69.4,11.203,7.7749,5.082,1530,196.8
69.5,11.208,7.7897,5.084,1532.2,196.7
69.6,11.213,7.8045,5.086,1534.5,196.6
69.7,11.219,7.8194,5.089,1536.6,196.5
69.8,11.224,7.9342,5.091,1558.4,196.4
69.9,11.229,7.849,5.093,1541,196.3
70,11.234,7.8638,5.096,1543.2,196.2
70.1,11.239,7.8787,5.098,1545.5,196.2
70.2,11.244,7.8937,5.1,1547.7,196.1
70.3,11.249,7.9086,5.103,1549.9,196
70.4,11.255,7.9235,5.105,1552,195.9
70.5,11.26,7.9384,5.108,1554.3,195.8
70.6,11.265,7.9534,5.11,1556.5,195.7
70.7,11.271,7.9683,5.112,1558.6,195.6
70.8,11.276,7.9832,5.115,1560.8,195.5
70.9,11.281,7.9981,5.117,1563,195.4
71,11.286,8.0131,5.119,1565.3,195.3
71.1,11.291,8.0282,5.122,1567.5,195.3
71.2,11.297,8.0433,5.124,1569.6,195.1
71.3,11.302,8.0584,5.127,1571.9,195.1
71.4,11.307,8.0735,5.129,1574.1,195
71.5,11.313,8.0886,5.132,1576.3,194.9
71.6,11.318,8.1037,5.134,1578.5,194.8
71.7,11.323,8.1188,5.136,1580.7,194.7
71.8,11.328,8.1339,5.138,1583,194.6
71.9,11.334,8.149,5.141,1585.1,194.5
72,11.339,8.1641,5.143,1587.3,194.4
72.1,11.344,8.1793,5.146,1589.6,194.3
72.2,11.35,8.1945,5.148,1591.7,194.2
72.3,11.355,8.2097,5.151,1593.9,194.2
72.4,11.36,8.2249,5.153,1596.2,194.1
72.5,11.366,8.2401,5.156,1598.3,194
72.6,11.371,8.2553,5.158,1600.5,193.9
72.7,11.376,8.2705,5.16,1602.8,193.8
72.8,11.381,8.2857,5.162,1605,193.7
72.9,11.386,8.3009,5.165,1607.3,193.6
73,11.39,8.32,5.166,1610.4,193.6
73.1,,,,,
73.2,,,,,
73.3,,,,,
73.4,,,,,
73.5,11.42,8.395,5.18,1620.6,193
73.6,,,,,
73.7,,,,,
73.8,,,,,
73.9,,,,,
74,11.45,8.47,5.194,1630.8,192.5
74.1,,,,,
74.2,,,,,
74.3,,,,,
74.4,,,,,
74.5,11.48,8.55,5.207,1641.9,192
74.6,,,,,
74.7,,,,,
74.8,,,,,
74.9,,,,,
75,11.5,8.62,5.216,1652.5,191.7
75.1,,,,,
75.2,,,,,
75.3,,,,,
75.4,,,,,
75.5,11.53,8.7,5.23,1663.5,191.2
75.6,,,,,
75.7,,,,,
75.8,,,,,
75.9,,,,,
76,11.55,8.78,5.239,1675.9,190.9
76.1,,,,,
76.2,,,,,
76.3,,,,,
76.4,,,,,
76.5,11.58,8.86,5.253,1686.8,190.4
76.6,,,,,
76.7,,,,,
76.8,,,,,
76.9,,,,,
77,11.61,8.94,5.266,1697.6,189.9